userID,userName,userFollows,userFans,userVideos
13407784,大宽物理,317,528254,222
9030440,修一j,310,473540,118
137429365,火山哥哥,367,694247,20
335692980,百万剪辑狮,175,1051309,90
627888730,星有野,93,3025391,56
5970160,小潮院长,99,7653209,267
14804670,无穷小亮的科普日常,87,7570794,225
99157282,盗月社食遇记,609,6839290,484
11688464,天才小熊猫本人,11,2115838,9
177291194,DECO27_Official,3,473190,34
37439823,Crazy-face,29,301676,106
401742377,原神,56,11553346,198
6336952,老李船长,156,384763,439
1955897084,鸣潮游戏,5,532274,2
697166795,徐云流浪中国,15,775830,158
96754219,翎人祭酒,29,134493,22
3030287,雷厲風行_shin,47,81385,14
23371320,异次元臭豆腐,106,221999,124
157272038,喵哉小茶馆,263,124189,52
441449841,莱茵实验组,160,297337,800
63231,泛式,463,4652591,234
456664753,央视新闻,19,9324252,4584
1481344732,我们都是社畜,80,320407,72
730732,瓶子君152,168,3402371,212
447317111,Meetfood觅食,60,1621678,198
1532165,papi酱,45,7112516,249
680447,马里奥红叔,88,1243076,1740
691415738,苏打baka,133,1201815,405
337521240,记录生活的蛋黄派,135,7183448,593
233114659,碧蓝航线,8,2016715,56
176037767,我是郭杰瑞,31,7096809,468
473837611,新华社,62,6198630,2984
406636263,HOLA小测佬,79,1099902,124
1724598,森纳映画,60,1849072,292
5260378,白勺啊达,183,667984,179
48421904,贾逸可,19,316009,125
836885,清和Alicia,40,892853,29
397857697,黄方块和粉星星a,33,177164,110
429765143,快乐阿依,137,230680,205
627888730,星有野,93,3025393,56
6016626,呆阿拿,62,658269,1049
150522015,东东翔,259,780150,54
39422678,夜雨星繁y,267,223196,145
2068622664,猪坚强jqsg999,11,488212,40
9824766,敬汉卿,92,9282385,1181
25807917,阿福Thomas,57,1746247,416
17134369,司墨尧smile,200,1380027,290
24759869,koko396,43,4209,23
456664753,央视新闻,19,9324260,4584
1636530654,Faye-詹雯婷,4,78136,4
19319172,差评君,88,1638667,128
444935584,梦幻西游电脑版,8,154684,735
3670216,TF家族,3,4749133,1243
401742377,原神,56,11553350,198
7788379,兔叭咯,343,6311032,290
1955897084,鸣潮游戏,5,532277,2
53752473,hello周晓楠,74,171676,54
122757660,金喆tt,743,34099,66
25503580,布锅锅,267,1346830,1211
390212232,梁工的忧郁,26,62145,6
7518140,暂离二度,305,109120,95
473524263,澳洲阿彭,201,2156568,113
14804670,无穷小亮的科普日常,87,7570795,225
6336952,老李船长,156,384764,439
457057852,会做漆艺的小李子,142,24706,3
88895225,张镇辉台球教学,178,935725,244
1966161706,Tank吕建忠,1,120182,3
113362335,宝剑嫂,349,4134135,251
883968,暴走漫画,57,5903898,258
473837611,新华社,62,6198634,2984
1020040160,永琪吗,67,945989,57
395135643,Milk缪客,232,459610,50
3046429,祖娅纳惜,308,2155534,331
4796002,未知名的小白,400,11504,6
178778949,英雄联盟,248,2808093,3435
1254786108,钉宫理惠,2,487330,5
487565374,敦敦Art,4,17841,14
263090405,猫不理咖啡,414,1340092,392
697166795,徐云流浪中国,15,775833,158
14501952,Fame亮亮,195,11779,60
517661394,刘逗逗不怎么逗,49,1177238,159
5374954,深海色带鱼,197,1321149,212
158119101,远古黑金,331,1051578,70
38606568,一颗咕咕星,103,899455,165
946974,影视飓风,479,4383255,485
6054967,茶咩cc,132,175969,100
1895195099,江寻千,13,1266294,132
543832538,李洪绸,18,248599,26
14804670,无穷小亮的科普日常,87,7570796,225
5260378,白勺啊达,183,667987,179
33824345,M木糖M,48,1834327,169
17134369,司墨尧smile,200,1380035,290
337521240,记录生活的蛋黄派,135,7183451,593
1636034895,绝区零,5,1346272,1
320818292,窝头是个暴脾气,40,1192383,217
1838326986,帅农鸟哥,13,2643928,37
25876945,极客湾Geekerwan,169,2651986,300
697166795,徐云流浪中国,15,775838,158
391947028,耿奶奶,85,79488,4
246370149,33不是山山,266,1369385,72
28896330,博舒,17,116592,5
99157282,盗月社食遇记,609,6839291,484
1773094,圣屠,243,113222,156
13904634,我是TOO,103,1142305,549
1958342,水无月菌,110,2200476,195
42561463,浑元Rysn,334,2475357,334
66391032,帅soserious,75,2613237,134
641975239,刘谦,6,2406261,49
1919368099,刘木头LiuMutou,34,62920,9
161775300,明日方舟,3,4558738,200
5878572,核动力路灯,227,214668,237
250858633,华农兄弟,30,6436179,491
113362335,宝剑嫂,349,4134134,251
385626302,阿拉丁狗蛋儿,4,235827,301
1202762767,花泽香菜,9,2268480,46
1066116711,糖霜饼干的奇妙物语,5,164467,85
494512664,三套车乐队,222,142208,24
122879,敖厂长,18,7562612,411
2505015,洛飕飕,203,350229,73
6087825,小紧张的虫虫,203,3162506,457
6336952,老李船长,156,384767,439
2109291877,宫赫音NHz,11,94047,18
13286819,赤色小荔枝,89,253473,160
22928325,不是阿蛋,697,20366,5
235630215,国电武术馆馆长,460,1529326,151
280793434,手工耿,41,6552301,177
393166851,大碗拿铁,126,3050170,102
28348490,咆哮丶土拨鼠,419,527089,135
403097853,GNwork团队,144,98852,60
106685726,二二酸酸,626,1635186,58
34840587,海棠家的大肥鱼,698,528177,94
57214324,小芃路子野,41,682283,58
10901294,怪盗配音,151,566436,182
99157282,盗月社食遇记,609,6839292,484
30029844,城市里的动物,450,39073,140
23947287,小约翰可汗,334,4356362,94
332707311,反白嫖艺术家,30,120511,52
474702359,自来卷三木,67,2586712,120
1513064930,白林Bylin,143,62219,15
627650811,PPT进化论,20,169451,67
1564863651,越南木匠阿岛,4,90675,9
3241451,Creuzer,230,134660,395
25503580,布锅锅,267,1346831,1211
410682880,hello刘小备,11,428669,38
472503624,郝强Fit,65,131677,53
23604445,上海滩许Van强,487,1756529,168
212630840,卡琳娜和揉西,60,1046491,210
37809230,星野派克,141,225062,160
39627524,食贫道,110,2499656,392
242589020,二斤鬼火,66,9634,1
27775639,舒舒酷北北,34,19012,6
504630061,垫底辣孩,21,165754,14
113362335,宝剑嫂,349,4134132,251
31009079,萧然Q,105,371076,384
11660173,小昕去钓鱼,10,114128,29
13848015,北忆大人,43,63656,61
486826231,手工侠,718,118125,38
3913194,高斯Goh,225,1526805,47
480810988,G2电子竞技俱乐部,4,245639,418
5374954,深海色带鱼,197,1321150,212
154113956,日向源,1999,670486,43
927587,木鱼水心,70,8818430,1182
7349,STN工作室,111,1958687,1065
1420982,黑猫厨房,700,4058696,235
261485584,HOPICO,61,694975,75
270105105,赖皮猴爱美食,110,1728009,144
1395043421,JoeCreator,77,549607,49
8047632,哔哩哔哩弹幕网,68,3471765,92
33716779,lyasmind,123,102368,13
546195,老番茄,1,17268161,415
9980514,幻ゝ,46,62337,30
5970160,小潮院长,99,7653220,267
53456,Warma,1189,3471569,204
504672822,浙江卫视,0,133050,1380
562197,中国BOY超级大猩猩,116,8199943,1526
67141499,大漠叔叔,82,5284184,402
174902557,没啥用科技,27,1748070,29
63231,泛式,463,4652596,234
14110780,凉风Kaze,33,8195211,471
1869712375,山城小栗旬的理发日记,61,2905231,71
28896330,博舒,17,116592,5
1532165,papi酱,45,7112518,249
161775300,明日方舟,3,4558736,200
672328094,嘉然今天吃什么,18,1641329,215
533459953,刘庸干净又卫生,3,3898841,280
2678945,亮亮也是酿酿,39,840176,120
28053896,吉儿一范伦婷,1443,770195,106
162171675,小谢坑比,551,44149,27
107084,高彩萍和乔老爷,39,74562,11
1921596130,Ike_Official,52,686777,7
13164144,魔法Zc目录,611,1862572,280
488779255,动漫作业本,213,866191,359
1131457022,人民日报,22,4618428,1086
27043295,上白石萌音,8,194784,133
280793434,手工耿,41,6552302,177
527057981,叶子吖OHYEZI,79,592308,86
3379951,ilem,140,1558924,83
29329085,二喵的饭,159,4574924,215
37607457,凹凸赛克,110,779770,51
31578954,街健呆木头,181,839537,280
31225950,不是柯桑德,194,1545793,245
1398957,树深时见鹿dear,330,652522,171
52190805,麟宣森,286,1809763,114
11870568,拉宏桑,248,2971605,293
495370757,莱美中国LESMILLS,1,168026,207
36184593,TUO图欧君,159,412106,143
81824112,导演小策,98,3195588,186
1577804,某幻君,56,7320761,301
270105105,赖皮猴爱美食,110,1728009,144
3066511,特效小哥studio,187,2780027,234
99157282,盗月社食遇记,609,6839293,484
90361813,三十六贱笑,1131,4948056,179
755824,杨颜同学,772,910540,270
730732,瓶子君152,168,3402361,212
14804670,无穷小亮的科普日常,87,7570806,225
23604445,上海滩许Van强,487,1756529,168
2206456,花少北丶,43,5940318,209
351197413,微笑Fortune,23,30017,32
351609538,珈乐Carol,12,513814,111
1564863651,越南木匠阿岛,4,90675,9
17466521,风羽酱-sdk,159,236464,159
4242174,炒蛋车间长,325,512046,174
161775300,明日方舟,3,4558737,200
355390214,翻拍小分队,14,474736,111
261485584,HOPICO,61,694975,75
174902557,没啥用科技,27,1748070,29
404062312,幕阳熙,13,32849,179
59905809,哦呼w,256,2072460,147
163387036,无夜游名,696,38146,4
28348490,咆哮丶土拨鼠,419,527090,135
79577853,智能路障,165,3009377,110
280793434,手工耿,41,6552303,177
298946431,香香软软的小泡芙,358,1549084,578
31225950,不是柯桑德,194,1545794,245
476704454,小文哥吃吃吃,99,3212576,464
1131457022,人民日报,22,4618441,1086
210501465,安迪的美院日常,48,106941,137
3066511,特效小哥studio,187,2780026,234
163637592,老师好我叫何同学,266,9496533,45
1131457022,人民日报,22,4618444,1086
401742377,原神,56,11553379,198
18202105,绵羊料理,147,9553386,333
125526,-LKs-,137,2700560,361
1923246745,Theshy,9,735623,2
1838326986,帅农鸟哥,13,2643951,37
23947287,小约翰可汗,334,4356367,94
1958342,水无月菌,110,2200476,195
546195,老番茄,1,17268166,415
2200736,才疏学浅的才浅,243,4338148,56
147166910,雨哥到处跑,226,2746079,250
325272035,艾奥科技,61,693384,387
1340190821,崩坏星穹铁道,13,1721675,5
337747793,-A梦-,172,15541,23
411231745,天亮手工,25,351036,37
888465,暗猫の祝福,463,1434794,242
1513064930,白林Bylin,143,62219,15
29329085,二喵的饭,159,4574924,215
26321770,和猫住,49,2028632,272
439478093,中国食品报融媒体,13,1103528,51
113362335,宝剑嫂,349,4134130,251
10579922,宛倾然,360,36098,133
17495873,胡仔一人食,62,816695,87
771530,_傑傑菌_,106,20864,26
82571698,知三冬,107,179567,69
1532165,papi酱,45,7112520,249
15247078,小飞蛾好可爱,138,95561,79
6065166,川同学不穿童鞋,231,812504,231
321422126,进击的金厂长,88,3215281,411
2026561407,吃花椒的喵酱,19,5023257,19
14110780,凉风Kaze,33,8195209,471
6814377,WindPoro,854,194051,30
23604445,上海滩许Van强,487,1756528,168
440209020,-柠檬猹-,344,11086,13
593920494,荷塘星星,28,102443,103
1717650673,探影空间,0,32651,30
1577804,某幻君,56,7320759,301
17819768,电影最TOP,38,4458610,431
546195,老番茄,1,17268167,415
37607457,凹凸赛克,110,779770,51
1646036311,凤凰传奇,46,1694861,57
946974,影视飓风,479,4383263,485
330415548,谭乔,43,3744747,353
40427625,取景框看世界,307,2177418,50
11870568,拉宏桑,248,2971605,293
337521240,记录生活的蛋黄派,135,7183469,593
7637632,八嘎金,7,188346,131
171593336,多喝雨水-,111,17798,60
99157282,盗月社食遇记,609,6839294,484
5970160,小潮院长,99,7653226,267
474702359,自来卷三木,67,2586715,120
485572175,小陈同学piupiu,19,91914,43
517327498,罗翔说刑法,13,22735473,253
401742377,原神,56,11553380,198
2678945,亮亮也是酿酿,39,840178,120
3913194,高斯Goh,225,1526827,47
15167172,毒影子,836,108679,65
517102533,想退休的W,397,39187,15
11170810,沾花惹草木,395,155350,34
1958342,水无月菌,110,2200476,195
533459953,刘庸干净又卫生,3,3898852,280
37663924,硬核的半佛仙人,389,6716778,266
1091065001,赵鹏,7,139743,4
23947287,小约翰可汗,334,4356370,94
16206007,vivi可爱多,137,2218763,254
7212583,设计师深海,375,1363860,53
400230277,水果猎人杨晓洋,10,1194519,210
1838326986,帅农鸟哥,13,2643953,37
3670216,TF家族,3,4749140,1243
440209020,-柠檬猹-,344,11086,13
3530725,陈抱一,1983,1007326,132
122879,敖厂长,18,7562612,411
1886758040,守望先锋,116,151458,55
448019333,也就那点事儿-,16,1472463,26
410682880,hello刘小备,11,428686,38
927587,木鱼水心,70,8818431,1182
431073645,你的影月月,81,1189322,563
1968595,鹦鹉梨,92,1331483,202
161775300,明日方舟,3,4558739,200
402978061,陆仙人哦,23,644054,261
508416316,本喵叫兔兔,40,1420665,210
534952028,RobLandesMusic,6,848273,84
37663924,硬核的半佛仙人,389,6716781,266
19642758,力元君,421,3764597,400
169396487,桥北小书生,57,36953,43
451076763,UnicornPhantom,151,117037,19
546195,老番茄,1,17268170,415
18202105,绵羊料理,147,9553384,333
5970160,小潮院长,99,7653232,267
99157282,盗月社食遇记,609,6839295,484
517327498,罗翔说刑法,13,22735476,253
662908408,aiFei小朋友,8,21439,8
5818410,芦苇十三少,165,1401560,147
63231,泛式,463,4652605,234
1838326986,帅农鸟哥,13,2643959,37
18343098,河野华,150,694375,35
35982454,咕咕咕咕叽歪,246,29825,24
285571498,盖里老哥,45,1524051,302
316567547,美尼尔动画君,336,546227,54
162827591,攀升电脑,23,37133,36
624757844,一只大哈鱼,149,1190367,83
1207265987,___viv___,524,310080,2
553425,拯救世界的狗子,401,1029936,295
11527656,飞来MarsFly,184,28426,66
274459325,方山厨子,106,540149,154
282994,泠鸢yousa,211,3256835,253
266248587,Cheems和流泪猫猫头,166,111888,145
224521126,Licky-QY,195,6226,26
53456,Warma,1189,3471573,204
1066116711,糖霜饼干的奇妙物语,5,164468,85
317783104,超正经的小李,153,364036,7
39012132,RockyRoo,192,229460,186
349888821,KleinerPixel,3,1033009,97
1163567538,呆瓜混剪,16,5933,76
502673952,黄正极,12,297193,335
104250187,爱喝白粥的小王,156,11852,4
927587,木鱼水心,70,8818431,1182
480959917,良田田田,17,747631,81
18364636,SDARK,112,220865,16
583158574,王天霸是只猫,6,369751,264
437957199,RAY的模型世界,139,847135,42
470629446,星火少年狼,146,78711,67
15493212,楚世修_,171,49439,23
11164088,龙馍馍,460,1394202,300
17604510,親爱的夏,54,310786,145
99440780,南鸽一只,203,152748,78
1020040160,永琪吗,67,945994,57
581418572,明sir反骗局,32,132022,120
1131457022,人民日报,22,4618474,1086
21979556,你的硬币是我dio哒,31,554522,302
11870568,拉宏桑,248,2971606,293
590490400,克里米亚野生动物园,20,1711281,1053
330415548,谭乔,43,3744750,353
1838326986,帅农鸟哥,13,2643964,37
1528617278,演员李广奇,7,792857,4
18202105,绵羊料理,147,9553385,333
296092268,碎嘴企鹅,44,330960,59
5294454,逗比的雀巢,177,5261158,88
4878171,离忧先生,666,117030,63
267702087,海若W,154,64221,97
493795621,曹胜歌,108,344195,42
164598376,-余怂怂-,143,127496,18
170088482,炎辰大鸽子,115,1147947,99
401742377,原神,56,11553396,198
49256130,不知枫叶,83,81511,83
627888730,星有野,93,3025405,56
32291109,阿紫VirgoAzi,13,220447,22
220114788,玉译沙画工作室,75,191754,30
141496,麦之花Hibana,318,287927,8
2020642651,铁皮软糖乐队,21,414376,52
402002385,秃马君,13,328055,277
586789337,我叫孙火旺,90,1753223,213
422292755,bobo最洋气,17,435828,11
1773346,莴苣某人,171,2071736,82
1934386094,演员吴刚,5,224504,7
533459953,刘庸干净又卫生,3,3898858,280
487462755,洋洋郑小羊,18,520554,116
629825579,猹泡饭233,5,37174,41
99157282,盗月社食遇记,609,6839293,484
12913627,橘域网,240,254791,241
15826102,小海带sS,79,93163,174
13354765,徐大虾咯,68,7422837,226
1885078,nya酱的一生,128,2200189,275
645711700,不普通人类实录,149,1781806,179
6814377,WindPoro,854,194051,30
7349,STN工作室,111,1958687,1065
406871371,捏碳碳碳碳,453,741915,106
147166910,雨哥到处跑,226,2746080,250
17819768,电影最TOP,38,4458610,431
395135643,Milk缪客,232,459611,50
2104666182,星空眼萨摩萌萌,6,134730,47
361733485,大桥桥Stephen,90,7879,71
488779255,动漫作业本,213,866193,359
29329085,二喵的饭,159,4574931,215
5870268,三代鹿人,133,5824166,163
65876359,奔跑的任多多,22,9633,18
396643338,是贪吃蛇蛇,17,226409,23
50247468,神经刀游戏工作室,104,42773,45
24314825,猫店,272,1062282,141
1831744377,靳建强,61,93768,8
244144308,大司马工作室,14,1685865,2441
4722429,钧哥你大舅,826,60105,16
406526866,一米八的大龙猫,88,22707,293
52190805,麟宣森,286,1809763,114
2342149,怪漫阿修,86,292310,24
546195,老番茄,1,17268180,415
1838326986,帅农鸟哥,13,2643966,37
9824766,敬汉卿,92,9282383,1181
401742377,原神,56,11553408,198
99157282,盗月社食遇记,609,6839293,484
38131199,王大哥隔壁的,172,14709,102
397490386,肝帝董佳宁,621,1298949,240
374264854,闽男本色MANNAM,10,315735,31
422292755,bobo最洋气,17,435828,11
10360627,张全蛋,26,742704,47
330415548,谭乔,43,3744751,353
14110780,凉风Kaze,33,8195209,471
407054668,亿点点不一样,30,1827276,10
1291916731,奥运冠军吕小军,2,405634,28
124735327,-柠萌菌-,348,934678,308
1333028644,椰子-雨晴,5,19458,2
2206456,花少北丶,43,5940321,209
1437482249,剪狗毛的倩哥,46,382517,57
354367503,淦斯巴达,431,13829,31
435533888,罗老师哲学课堂,8,574490,46
90361813,三十六贱笑,1131,4948059,179
11073,hanser,58,3092320,258
454143774,乡村教师日记,266,1199020,235
429765143,快乐阿依,137,230680,205
38361749,这个涂改液有毒,197,2867,15
678073,Melonshu,1463,90539,174
3670216,TF家族,3,4749150,1243
42561463,浑元Rysn,334,2475372,334
9046228,在下曼妥思,592,244483,64
285499073,东尼ookii,187,4492552,251
26321770,和猫住,49,2028637,272
423895,怕上火暴王老菊,174,2480677,678
37880130,玩音乐的EZ,77,905423,302
7349,STN工作室,111,1958687,1065
1529865934,女明猩粥粥,10,95222,35
627888730,星有野,93,3025407,56
11646119,正直讲史-李正Str,93,1142671,67
477278,木羽说科技,733,662759,125
448019333,也就那点事儿-,16,1472467,26
386043247,腾格尔,36,1739785,185
14804670,无穷小亮的科普日常,87,7570834,225
11026741,沉沉一灰,260,45821,66
3066511,特效小哥studio,187,2780025,234
5970160,小潮院长,99,7653242,267
1607596057,高傲地低于生活,69,50722,7
23947287,小约翰可汗,334,4356382,94
496783876,幸运猎手,3,777702,68
1265652806,明日方舟终末地,4,1279287,2
586789337,我叫孙火旺,90,1753223,213
473524263,澳洲阿彭,201,2156574,113
20259914,稚晖君,241,1927744,49
562197,中国BOY超级大猩猩,116,8199956,1526
38606568,一颗咕咕星,103,899471,165
18202105,绵羊料理,147,9553389,333
427494870,硬核拆解,218,1249720,732
546195,老番茄,1,17268187,415
99157282,盗月社食遇记,609,6839294,484
308555356,i鱿鱼Y,26,14443,42
53456,Warma,1189,3471575,204
81824112,导演小策,98,3195588,186
1159074852,城市牧羊人-,49,41103,15
7518140,暂离二度,305,109121,95
1941449,雁老师,469,225135,42
624243924,GIDLE_official,4,414185,77
13566451,里抚,139,2377,21
448019333,也就那点事儿-,16,1472468,26
23604445,上海滩许Van强,487,1756525,168
21778075,_青红造了个白_,8,1118463,26
31881,太白金星小蓬莱,404,29320,21
423895,怕上火暴王老菊,174,2480678,678
353539995,拜托了小翔哥,20,4468508,147
1831744377,靳建强,61,93768,8
382986457,结巴老爹,30,1321200,559
730732,瓶子君152,168,3402352,212
9511907,螺丝爱洗头,168,75189,63
1420982,黑猫厨房,700,4058697,235
26046022,哎呀轩大,59,92977,94
8969156,小白测评,34,2616126,1041
94832289,迷路小剧场,44,22371,13
384939011,Henry的小木屋,336,894174,65
174902557,没啥用科技,27,1748070,29
46708782,鲁大能,117,2237959,363
617394761,米雷-RayDog,4,929910,133
11646119,正直讲史-李正Str,93,1142671,67
432174249,隔壁红魔,79,285775,360
511148568,冷却报告,122,339415,52
10159633,涂罗伊,7,51082,8
29126359,GZHhaha,33,301182,7
454560170,住范儿,30,1557109,75
263090405,猫不理咖啡,414,1340110,392
627888730,星有野,93,3025411,56
442177273,计算机学长,21,787930,246
67141499,大漠叔叔,82,5284185,402
99157282,盗月社食遇记,609,6839294,484
35833561,在下冷冷,38,82060,14
106904607,小熊猫Panda_,16,77131,2
254463269,毕导THU,237,4857354,126
325399211,小蘑菇,10,143761,91
293539648,Tydot官方,14,172057,34
517433879,中国警察网,68,561023,1653
13199099,植物椿,61,1606221,485
23947287,小约翰可汗,334,4356383,94
29329085,二喵的饭,159,4574931,215
16206007,vivi可爱多,137,2218769,254
378123632,唯佳酱,43,771468,63
1833524110,含亮老师,41,578902,19
14193369,是毛布斯呀,173,277202,55
161775300,明日方舟,3,4558741,200
197427372,某哲君丶,645,29773,52
195385901,迷糊哒师兄,8,14034,83
2072577982,卑鄙的老曹,106,537664,95
2044333698,何胜0423,65,790045,73
441449841,莱茵实验组,160,297343,800
37663924,硬核的半佛仙人,389,6716788,266
1532165,papi酱,45,7112526,249
8037081,炷天cartoooo,657,23082,20
452606628,王师傅和小毛毛,86,1190182,198
6065166,川同学不穿童鞋,231,812505,231
2053132439,白日梦不要钱--,22,129174,80
44170362,卷er,164,317483,24
285499073,东尼ookii,187,4492551,251
63231,泛式,463,4652612,234
14804670,无穷小亮的科普日常,87,7570838,225
495695169,锤子game,1141,639464,124
280793434,手工耿,41,6552310,177
293931870,薯条日记,15,28550,10
479342898,野球帝郭师傅,19,293939,363
1647391676,梅姐爱画画,6,31014,37
7349,STN工作室,111,1958687,1065
485509022,-阿Q小当家,26,35340,118
693450094,嗑书的阿冉叔,39,678916,52
476704454,小文哥吃吃吃,99,3212583,464
109038683,汪丷先生,5,250322,107
10119428,小片片说大片,436,5640390,1152
546195,老番茄,1,17268195,415
442177273,计算机学长,21,787931,246
444935584,梦幻西游电脑版,8,154685,735
19642758,力元君,421,3764598,400
37746255,多拉的十九N,51,1072254,263
419872064,老饭骨,10,2667962,426
447212385,豆豆豆豆逗是我,75,104020,27
1624439811,前进的查理,19,84452,5
473524263,澳洲阿彭,201,2156576,113
18202105,绵羊料理,147,9553392,333
384939011,Henry的小木屋,336,894174,65
1108577269,仓鼠搭档,13,7238,29
473837611,新华社,62,6198734,2984
23947287,小约翰可汗,334,4356386,94
283036476,狈总,165,1892690,257
87986232,沉梦丶c,2,13650,21
703007996,A-SOUL_Official,19,326484,57
30889546,红桃H丶,8,141057,63
1473830,AIChannel官方,5,1754463,1729
946974,影视飓风,479,4383277,485
1238329219,觅2,9,251965,18
517327498,罗翔说刑法,13,22735506,253
63231,泛式,463,4652614,234
325159039,白小纯2019,131,175649,91
38461325,黑猫重工,71,422143,18
1542940882,无脸男葫芦,81,270347,47
1420982,黑猫厨房,700,4058698,235
1481344732,我们都是社畜,80,320403,72
1869712375,山城小栗旬的理发日记,61,2905232,71
5970160,小潮院长,99,7653252,267
331646,蟹叔叔,65,57006,61
10119428,小片片说大片,436,5640391,1152
90142376,锦书致南辞,0,1102741,267
23237718,害羞7,75,755015,42
14804670,无穷小亮的科普日常,87,7570848,225
486759751,卡门卡卡_,3,445318,55
37961599,小缸和阿灿,7,1508268,179
423895,怕上火暴王老菊,174,2480679,678
7349,STN工作室,111,1958686,1065
35894872,老奇好好奇,38,446057,2
533459953,刘庸干净又卫生,3,3898873,280
1532165,papi酱,45,7112526,249
627888730,星有野,93,3025414,56
447317111,Meetfood觅食,60,1621690,198
626793827,清欢纪原创汉服工作室,4,51305,229
46708782,鲁大能,117,2237960,363
519872016,历史调研室,28,3135099,42
690545051,吹拉弹唱慕星银,49,239566,55
501687003,阿靖zi-,23,355125,38
18343098,河野华,150,694376,35
375375,伊丽莎白鼠,59,6569147,78
432938640,阿呆同学啊,56,30933,95
1590082082,马俐管家,11,176428,56
86138838,阿男的食谱,80,918026,68
546195,老番茄,1,17268201,415
344488725,易凌叔,184,295067,89
5294454,逗比的雀巢,177,5261185,88
32618090,托比昂的护甲包,298,108851,55
7349,STN工作室,111,1958686,1065
1238329219,觅2,9,251965,18
3670216,TF家族,3,4749163,1243
23947287,小约翰可汗,334,4356388,94
18202105,绵羊料理,147,9553391,333
503400701,刘琥动画,25,158926,159
13279707,最上川下山,142,1553947,124
479551750,墨竹手写,127,354992,243
2200736,才疏学浅的才浅,243,4338208,56
1131457022,人民日报,22,4618544,1086
1869712375,山城小栗旬的理发日记,61,2905233,71
1254786108,钉宫理惠,2,487335,5
34070103,师梦徽瑜,496,57750,38
12842284,气球屋w,162,3817,4
5870268,三代鹿人,133,5824207,163
1978885142,石黑英雄,3,399412,15
476704454,小文哥吃吃吃,99,3212584,464
41039728,博丽x海苔,188,48028,16
452606628,王师傅和小毛毛,86,1190182,198
4637682,绘之音,214,376513,47
35781763,七分甜的秋刀鱼,90,507005,125
477676711,田一名sir,6,899954,103
207261582,晓观队长,338,809239,37
333020125,野生大肥扬,119,602111,260
41149747,怪兽电台MonsterBlog,441,288612,100
518990456,詹詹家的猫meow,41,70822,222
7788379,兔叭咯,343,6311063,290
1577804,某幻君,56,7320763,301
94792232,Far远东,97,65611,10
14110780,凉风Kaze,33,8195205,471
533459953,刘庸干净又卫生,3,3898874,280
282960675,-阿洋Yoko-,108,21090,35
2017576198,唐小米婆婆,6,467203,48
508416316,本喵叫兔兔,40,1420669,210
285571498,盖里老哥,45,1524061,302
10330740,观察者网,45,7511299,13164
18374719,红糖打年糕,86,6316,26
101376123,秋名山上的486,621,224327,188
330663625,站不起来的蒙蒙,100,1276769,71
386043247,腾格尔,36,1739784,185
1238329219,觅2,9,251965,18
28033852,罗元1994,5,274959,12
53456,Warma,1189,3471580,204
410203688,陈仕贤1114,24,634545,168
2130589656,小菜来追剧了,6,2829,29
18784364,妖の战歌,126,36900,30
517327498,罗翔说刑法,13,22735520,253
27534330,崩坏3第一偶像爱酱,15,3556806,355
10119428,小片片说大片,436,5640395,1152
2022718277,花滑运动员特鲁索娃,4,661296,48
436735222,梦想做大佬的男人,172,84419,75
403213711,闲鱼混剪,1,86207,154
401742377,原神,56,11553434,198
1527390033,王濛,3,915792,12
36438715,一大筐会飞的草莓,212,57133,25
23947287,小约翰可汗,334,4356389,94
63231,泛式,463,4652618,234
3433092,狂阿弥_,100,1768840,153
397211154,十五的月亮廿九圆,61,406274,170
170948267,衣戈猜想,207,627126,31
448019333,也就那点事儿-,16,1472474,26
1910020454,谁不重要i,196,423025,60
25422790,红色激情,9,1125835,164
11688464,天才小熊猫本人,11,2115866,9
67378210,网易梦幻西游手游,3,82294,268
590201208,龙帅食堂,20,1469841,96
384939011,Henry的小木屋,336,894173,65
730732,瓶子君152,168,3402348,212
14110780,凉风Kaze,33,8195205,471
680447,马里奥红叔,88,1243099,1740
1401735960,HOYO-MiX,9,142133,3
10579922,宛倾然,360,36102,133
7349,STN工作室,111,1958686,1065
31225950,不是柯桑德,194,1545799,245
2108856,流萤Zz,396,1445280,232
337260306,二凡就是我,349,16710,199
161775300,明日方舟,3,4558744,200
328538733,老耗游戏,90,1286442,115
1342377259,暴风岛沉浸式密室,6,120782,74
90361813,三十六贱笑,1131,4948060,179
1505548387,杨三岁和小鱼,8,608461,224
22699531,没早晨的马丁,194,36759,21
5870268,三代鹿人,133,5824213,163
2087432052,安娜-谢尔巴科娃,3,1033002,41
5007752,萝卜吃米洛,83,1260863,555
627888730,星有野,93,3025415,56
1238658741,中级粒子,57,30565,11
5374954,深海色带鱼,197,1321163,212
477676711,田一名sir,6,899953,103
626297715,荒草音乐,19,217939,628
59905809,哦呼w,256,2072472,147
1527390033,王濛,3,915791,12
1131457022,人民日报,22,4618558,1086
401742377,原神,56,11553438,198
1958342,水无月菌,110,2200480,195
335575297,在下铁头阿彪,96,1463345,40
108563098,三木章,113,49996,30
330383888,广东共青团,0,1673321,2271
99157282,盗月社食遇记,609,6839297,484
396727464,四宫-研lzc,90,181009,24
11073,hanser,58,3092321,258
402601058,次元小主,93,136514,672
1254786108,钉宫理惠,2,487336,5
21554171,呆临,340,126782,27
472102908,阿蔡美食雕刻,9,439760,346
419809891,阿诺德evd,112,84500,108
2087432052,安娜-谢尔巴科娃,3,1033002,41
3024450,极拍小会员,72,51007,139
18202105,绵羊料理,147,9553390,333
48036355,叫我赵赵赵丽娜,10,149132,76
473524263,澳洲阿彭,201,2156578,113
553457394,虫柚POMELO,222,21442,17
562197,中国BOY超级大猩猩,116,8199961,1526
29221270,小雪Yux_x,1,87457,47
51196625,刘昔昔昔,314,41843,209
172294146,小钰Hilda,20,217895,72
8549577,机智的Kason,123,1200854,18
1139904738,AlecBenjamin_CN,3,540192,47
473837611,新华社,62,6198761,2984
401315430,星瞳_Official,30,311878,173
87444245,小测佬风少,10,9275,18
5870268,三代鹿人,133,5824215,163
3670216,TF家族,3,4749172,1243
15112013,一半月X,418,17611,79
1342377259,暴风岛沉浸式密室,6,120782,74
31762728,嗑叔磕动物,11,340789,114
327757321,摸鱼事务所,0,1207326,246
125526,-LKs-,137,2700561,361
16853896,kei和marin,36,1440471,197
1665794230,花花师界,7,31647,48
17134369,司墨尧smile,200,1380234,290
6065166,川同学不穿童鞋,231,812505,231
17364274,阿狗君啊,67,789611,160
11814319,恶人王小花,391,47924,40
23604445,上海滩许Van强,487,1756528,168
122879,敖厂长,18,7562612,411
63231,泛式,463,4652619,234
690613915,中国大猫频道,12,285758,184
1868902080,哔哩哔哩拜年纪,45,4163316,42
381435385,CSGO大茄子,38,2863279,1509
375375,伊丽莎白鼠,59,6569149,78
163637592,老师好我叫何同学,266,9496537,45
280793434,手工耿,41,6552315,177
81824112,导演小策,98,3195592,186
5970160,小潮院长,99,7653264,267
546195,老番茄,1,17268208,415
512574759,公孙田浩,18,2469391,27
38598226,医学科普联盟,51,589344,23
5294454,逗比的雀巢,177,5261219,88
21778075,_青红造了个白_,8,1118461,26
2044333698,何胜0423,65,790047,73
401742377,原神,56,11553447,198
36081646,洛天依,46,2807112,74
25007084,木南工坊,1051,348638,295
1879116,董城主,92,16315,33
329519036,韭菜实验室,43,1881099,181
125526,-LKs-,137,2700561,361
23947287,小约翰可汗,334,4356393,94
14804670,无穷小亮的科普日常,87,7570867,225
4990887,思维跳跃的熊怪,463,90103,34
1455861172,剑客范十三,9,715563,153
2206456,花少北丶,43,5940326,209
641975239,刘谦,6,2406264,49
35570604,75fps,621,191127,43
1833524110,含亮老师,41,578911,19
401355599,演员李感,295,151659,11
927587,木鱼水心,70,8818430,1182
97233126,季年Season,39,73763,45
92992504,巴拉克游戏君,20,15121,134
3670216,TF家族,3,4749178,1243
14110780,凉风Kaze,33,8195203,471
423442,KBShinya,102,1879746,376
41149747,怪兽电台MonsterBlog,441,288614,100
7788379,兔叭咯,343,6311071,290
10360627,张全蛋,26,742706,47
946974,影视飓风,479,4383282,485
5007752,萝卜吃米洛,83,1260862,555
31762728,嗑叔磕动物,11,340789,114
562197,中国BOY超级大猩猩,116,8199961,1526
1017081142,V5_Rookie,14,472152,17
1747545839,巴黎小郭郭,1,582438,94
1532165,papi酱,45,7112530,249
419738808,疯狂小杨哥,17,3478279,108
3066511,特效小哥studio,187,2780027,234
2382132,人形兎,198,136599,50
672328094,嘉然今天吃什么,18,1641331,215
11742550,哈米伦的弄笛者,515,1636150,365
642389251,黑神话之悟空,5,2259152,4
27756469,奶糕成精档案社,34,1644014,23
99157282,盗月社食遇记,609,6839297,484
18202105,绵羊料理,147,9553395,333
5294454,逗比的雀巢,177,5261227,88
517327498,罗翔说刑法,13,22735532,253
17819768,电影最TOP,38,4458617,431
281120100,我是阿众,184,425225,48
27534330,崩坏3第一偶像爱酱,15,3556816,355
330663625,站不起来的蒙蒙,100,1276770,71
1607984338,侃哥侃英语,35,630106,141
755824,杨颜同学,772,910541,270
7275647,碧天蓝钻,21,588770,123
1958342,水无月菌,110,2200481,195
517327498,罗翔说刑法,13,22735532,253
192090,小透明明TM,198,1387083,66
1763562610,这个账号叫啥呢,3,1614980,25
510856133,吟游诗人基德,38,2188472,131
89619004,零崎人物,49,381390,26
403097853,GNwork团队,144,98853,60
730732,瓶子君152,168,3402340,212
51196625,刘昔昔昔,314,41843,209
1611797834,米微Micron,3,200358,8
46708782,鲁大能,117,2237964,363
5970160,小潮院长,99,7653268,267
25876945,极客湾Geekerwan,169,2652009,300
251013709,晨钟酱Official,34,254042,48
31083045,比利巴利嘣,11,277235,6
88763364,Hxs233,120,18224,3
14110780,凉风Kaze,33,8195201,471
316567547,美尼尔动画君,336,546227,54
397211154,十五的月亮廿九圆,61,406274,170
39496734,凉辰lc_,368,35293,19
57863910,王者荣耀,284,4153609,2075
88895225,张镇辉台球教学,178,935729,244
1716319265,rondeseo,14,67020,2
13354765,徐大虾咯,68,7422840,226
1757969866,冰女安娜,5,166895,39
397685090,刘川疯z,53,385635,254
488836173,yoyo鹿鸣_Lumi,12,1366475,20
1910020454,谁不重要i,196,423028,60
7349,STN工作室,111,1958686,1065
1869712375,山城小栗旬的理发日记,61,2905233,71
63702782,澄与诚,99,18717,16
72270557,芳斯塔芙,69,2557175,153
473524263,澳洲阿彭,201,2156580,113
24463430,晨曦Archi,1187,44972,41
1712395,不是词神,69,244262,168
347667464,老爸评测,75,3906753,224
99157282,盗月社食遇记,609,6839299,484
360861964,棕与灰9,35,169602,20
2053132439,白日梦不要钱--,22,129178,80
353019540,一只王霸天,2,824863,99
91399769,探索吧芋圆,83,733539,158
401742377,原神,56,11553455,198
1869712375,山城小栗旬的理发日记,61,2905232,71
112366173,菇菇和呱呱,98,106551,31
67141499,大漠叔叔,82,5284189,402
1577804,某幻君,56,7320760,301
1011627201,愚人戏社,7,141948,17
476704454,小文哥吃吃吃,99,3212593,464
168598,逍遥散人,85,5817092,770
522752473,郑潇viki,6,68577,35
88919599,李buy天,488,77862,19
263090405,猫不理咖啡,414,1340125,392
17892516,DJGunbuster,26,239501,174
14068111,黝黑蜗壳天眼老师,1151,1078346,137
30682056,约战精灵情报处,42,807725,143
18202105,绵羊料理,147,9553398,333
6421869,喵与茶,26,263156,160
17065975,小鸣er先生,265,350237,246
1969248748,逍遥米饭啊,20,105137,51
66391032,帅soserious,75,2613270,134
114397228,MJ小林大人嗷,204,464262,168
178135916,不知道叫什么好的萝卜,164,62822,26
19486818,MoreBoost,26,25450,164
2206456,花少北丶,43,5940327,209
444935584,梦幻西游电脑版,8,154685,735
473524263,澳洲阿彭,201,2156580,113
13758755,克劳斯麦特,426,108183,99
672342685,乃琳Queen,13,642687,172
398568324,茜茜的旅行,59,11134,60
22001672,刘大悦er,21,304659,68
2089813708,中国邮政,28,202101,57
31012715,是老胡没错,97,1482555,170
13174530,古的古的,810,98723,918
14110780,凉风Kaze,33,8195201,471
224731462,嗨大兴,72,548979,213
50295692,邓峰萌萌摔肿了,67,569204,644
627888730,星有野,93,3025422,56
8495180,哲哲哲同学,363,182295,53
52165725,王骁Albert,228,1926300,52
2425374,海螺张,197,26218,38
476704454,小文哥吃吃吃,99,3212593,464
1833524110,含亮老师,41,578917,19
6421869,喵与茶,26,263157,160
395619513,旁门左道PPT,97,1652876,212
429765143,快乐阿依,137,230682,205
178778949,英雄联盟,248,2808097,3435
63231,泛式,463,4652620,234
407729748,内鱼收割姬,68,25624,9
472102908,阿蔡美食雕刻,9,439763,346
7349,STN工作室,111,1958687,1065
33775467,人民网,1,1702493,3098
670788020,梦幻西游网页版,3,10185,38
29050359,南柯子梵-MmS,35,60411,9
337312411,翠花不太脆,173,1368336,46
87814218,Anthony_Eleven,93,3169,7
14110780,凉风Kaze,33,8195201,471
390371228,知心者联盟,185,1600868,225
5047522,啵嘤777,255,34838,16
414350632,吸奇侠,203,878356,92
123927359,明茂-,405,227822,39
31438993,小桑菜奈,78,1630917,86
436127696,阿向菌,113,83300,34
137429365,火山哥哥,367,694285,20
411699052,奶油鸽子精,208,116181,97
1814466769,年轻人王三炮,2000,175598,141
203337614,开心嘴炮,36,2457174,399
99157282,盗月社食遇记,609,6839300,484
46708782,鲁大能,117,2237965,363
178029850,杜海皇,70,2706624,78
1532165,papi酱,45,7112531,249
237311595,BBGG丶狮子喵,0,1171835,395
517327498,罗翔说刑法,13,22735539,253
475944077,LIAN阿厘,37,49858,10
67141499,大漠叔叔,82,5284188,402
401814844,零青子,6,394105,86
280793434,手工耿,41,6552317,177
3066511,特效小哥studio,187,2780027,234
11684621,太阳星sunstar,382,1662887,263
1786322275,月落星不落,1,71975,56
2200736,才疏学浅的才浅,243,4338257,56
1577804,某幻君,56,7320762,301
81824112,导演小策,98,3195591,186
22089099,手艺贾,10,1208123,363
11688464,天才小熊猫本人,11,2115876,9
444935584,梦幻西游电脑版,8,154685,735
90361813,三十六贱笑,1131,4948062,179
430386092,易知朱,114,175231,16
5970160,小潮院长,99,7653275,267
644292680,林壮士啊,4,475781,115
499749040,AceyRain_脆皮兔,156,106765,2
147166910,雨哥到处跑,226,2746093,250
299530879,苏清吾,10,121125,32
9728698,祁么么mo,64,1209233,423
23947287,小约翰可汗,334,4356398,94
401742377,原神,56,11553464,198
37199377,沧桑丸,127,1122677,87
2206456,花少北丶,43,5940323,209
41075508,normaleaf,86,32572,33
407054668,亿点点不一样,30,1827277,10
473837611,新华社,62,6198792,2984
1238426120,HenriR94,12,14098,1
57863910,王者荣耀,284,4153610,2075
28861122,蒋先生的艺术之道,108,13024,35
285571498,盖里老哥,45,1524061,302
14110780,凉风Kaze,33,8195198,471
391602169,小銘同学呢,59,24753,214
161775300,明日方舟,3,4558747,200
946974,影视飓风,479,4383285,485
337521240,记录生活的蛋黄派,135,7183515,593
1631440488,他们野蛮生长,2,10043,1
672328094,嘉然今天吃什么,18,1641332,215
42561463,浑元Rysn,334,2475388,334
27756469,奶糕成精档案社,34,1644013,23
7349,STN工作室,111,1958687,1065
361798078,Vekoabeese,5,41587,123
1455861172,剑客范十三,9,715564,153
67141499,大漠叔叔,82,5284185,402
476704454,小文哥吃吃吃,99,3212594,464
3670216,TF家族,3,4749188,1243
673766663,惨爆了阿浩,3,374734,417
562197,中国BOY超级大猩猩,116,8199967,1526
81824112,导演小策,98,3195592,186
63231,泛式,463,4652626,234
280793434,手工耿,41,6552316,177
386043247,腾格尔,36,1739786,185
350200499,这个网名里得带个龙字,176,130270,39
23947287,小约翰可汗,334,4356401,94
2026561407,吃花椒的喵酱,19,5023261,19
18202105,绵羊料理,147,9553403,333
671294576,绝对演绎,6,176444,36
222103174,央视网,13,2649827,16300
412466388,热门菌,98,111406,6
401742377,原神,56,11553474,198
67141499,大漠叔叔,82,5284185,402
627888730,星有野,93,3025430,56
456664753,央视新闻,19,9324441,4584
1016555164,宇多田光,3,425936,23
7788379,兔叭咯,343,6311081,290
447212385,豆豆豆豆逗是我,75,104020,27
690100803,中国移动动感地带,152,79926,86
546195,老番茄,1,17268223,415
11410668,怠惰的小安,175,297306,192
13595634,何故在须臾叹息,230,52993,38
20165629,共青团中央,113,9581893,3810
238351660,做手工的囚徒大大,50,94107,63
37663924,硬核的半佛仙人,389,6716800,266
335575297,在下铁头阿彪,96,1463353,40
527057981,叶子吖OHYEZI,79,592320,86
1611797834,米微Micron,3,200358,8
8969156,小白测评,34,2616132,1041
42448991,剪刀手瑜乔,134,190332,140
533459953,刘庸干净又卫生,3,3898898,280
1385037217,痞仔伯爵,84,494170,75
14110780,凉风Kaze,33,8195197,471
2206456,花少北丶,43,5940324,209
267939460,某科君,28,561408,37
67141499,大漠叔叔,82,5284185,402
66391032,帅soserious,75,2613270,134
517327498,罗翔说刑法,13,22735545,253
547173382,杨真直,79,1649656,80
29329085,二喵的饭,159,4574943,215
384205461,是个维维啊,14,705800,271
451664,流㴫_liujun,147,30378,11
14110780,凉风Kaze,33,8195197,471
250508441,淘宝,67,344314,132
14110780,凉风Kaze,33,8195197,471
7212583,设计师深海,375,1363881,53
414336759,路温1900,92,2548719,93
11164088,龙馍馍,460,1394215,300
702250475,奇妙幻想派,5,203031,15
34105323,红豆鲨雕糖,548,7096,6
35304409,战余兮CJ,154,144267,85
147166910,雨哥到处跑,226,2746096,250
406636263,HOLA小测佬,79,1099977,124
5677185,药别停的啊呜,113,31510,157
99157282,盗月社食遇记,609,6839299,484
473837611,新华社,62,6198809,2984
562197,中国BOY超级大猩猩,116,8199966,1526
487614876,四川观察,35,387147,4532
496783876,幸运猎手,3,777704,68
18202105,绵羊料理,147,9553400,333
8937568,特别中二的q3君,156,1490889,367
3341680,老少女阿珂,119,1357806,130
1589480691,纸质动画师Millkun,4,53226,51
488836173,yoyo鹿鸣_Lumi,12,1366476,20
181588372,黑喵千岁岁,16,512912,457
671294576,绝对演绎,6,176444,36
67141499,大漠叔叔,82,5284185,402
3433092,狂阿弥_,100,1768841,153
1220617185,No_Tables,38,25438,4
3670216,TF家族,3,4749188,1243
584599812,威希弟,1,447825,117
927587,木鱼水心,70,8818424,1182
6165300,一棵平衡树,495,36647,13
617285,芒果冰OL,504,2155037,348
23947287,小约翰可汗,334,4356403,94
429741851,大老师Sam,123,1858570,421
14110780,凉风Kaze,33,8195197,471
431768394,沙雕队长大明,263,296336,121
25876945,极客湾Geekerwan,169,2652016,300
165792998,烟沙的画有点长,373,4719,52
408035943,走南养老院,103,429255,197
40966108,倒悬的橘子,821,2637422,222
67141499,大漠叔叔,82,5284185,402
395135643,Milk缪客,232,459616,50
1532165,papi酱,45,7112534,249
36410144,LLlouis,491,13465,7
774729,_碳十二_,1430,398783,108
1131457022,人民日报,22,4618614,1086
1420982,黑猫厨房,700,4058701,235
268999208,BLG电子竞技俱乐部,225,629594,311
415890389,高坂大芥末,328,233367,108
3066511,特效小哥studio,187,2780027,234
5849993,void新神殿下,275,436711,79
401742377,原神,56,11553480,198
534957554,腾讯音乐娱乐集团,75,48689,88
322595106,圆某人和四某人,121,547488,164
473837611,新华社,62,6198820,2984
130130236,枫泽雨畔,38,367039,150
480959917,良田田田,17,747647,81
583158574,王天霸是只猫,6,369757,264
338927049,燕子堡BBQ学徒Ray,220,1742859,185
51278442,是哈礼鹿呀,16,255624,81
99157282,盗月社食遇记,609,6839300,484
7552204,啊吗粽,359,4273533,277
23947287,小约翰可汗,334,4356402,94
67141499,大漠叔叔,82,5284185,402
3670216,TF家族,3,4749191,1243
2120565381,小提琴Filip,12,435072,12
546195,老番茄,1,17268226,415
14804670,无穷小亮的科普日常,87,7570895,225
1565044,司空子衡,375,150699,27
609686327,Journey滑板,22,86561,53
453478869,派小爪,119,224993,193
35426223,倾颜墨安,42,42508,63
158119101,远古黑金,331,1051597,70
2108856,流萤Zz,396,1445280,232
50329118,哔哩哔哩英雄联盟赛事,82,11566510,4019
2017968391,清木dir,31,14970,117
33834716,打不过就机械降神,48,68344,53
147166910,雨哥到处跑,226,2746098,250
304415852,丧心病狂周公子,303,212982,71
517327498,罗翔说刑法,13,22735546,253
627888730,星有野,93,3025432,56
452606628,王师傅和小毛毛,86,1190181,198
316567547,美尼尔动画君,336,546227,54
5870268,三代鹿人,133,5824273,163
517184570,画渣不渣-HZ,18,1138078,54
8960728,日食记,21,6747702,460
314791153,面筋哥-程书林,55,1440988,319
1895195099,江寻千,13,1266347,132
256619459,归舟四郎,527,43854,24
5294454,逗比的雀巢,177,5261267,88
1771838138,黎耀祥,7,238488,25
473837611,新华社,62,6198826,2984
454950379,思彤彤子,2,316544,110
331507846,Jack-Cui,191,310459,22
18202105,绵羊料理,147,9553404,333
96967343,大喜唠嗑家,80,309177,71
20165629,共青团中央,113,9581895,3810
5970160,小潮院长,99,7653290,267
7312984,记忆图书馆馆长,35,836745,98
249371107,星曜Hoxi,54,113473,57
99157282,盗月社食遇记,609,6839301,484
1473830,AIChannel官方,5,1754461,1729
451320374,央视网快看,17,1425844,3599
88895225,张镇辉台球教学,178,935731,244
474803476,泡厨房的顾小胖,74,402683,89
485523750,惊奇咕咕,42,170645,34
80401174,聂_新斯的明,205,2968,49
7275647,碧天蓝钻,21,588771,123
401742377,原神,56,11553481,198
3670216,TF家族,3,4749194,1243
130636947,塑料叉FOKU,203,1796737,102
14804670,无穷小亮的科普日常,87,7570896,225
419872064,老饭骨,10,2667963,426
13062140,天才美少女幼稚园,236,32337,236
1341801315,柴府三小只,16,293582,104
546195,老番茄,1,17268227,415
63231,泛式,463,4652634,234
351914826,中国火箭军,48,1193438,1136
1131457022,人民日报,22,4618636,1086
517327498,罗翔说刑法,13,22735552,253
1835967,善良的诚哥,187,505107,176
1359172699,非非宇Fay,24,1081794,30
7349,STN工作室,111,1958685,1065
407054668,亿点点不一样,30,1827279,10
13354765,徐大虾咯,68,7422842,226
701949621,黄小雨雨,6,109885,19
1557713064,萌德斯啾,93,194788,31
19642758,力元君,421,3764603,400
544336675,真探唐仁杰,21,2254611,352
347667464,老爸评测,75,3906752,224
1769996,火焰三黄鸡ao,396,169424,72
447212385,豆豆豆豆逗是我,75,104020,27
21554171,呆临,340,126781,27
546195,老番茄,1,17268227,415
330415548,谭乔,43,3744758,353
37754047,咻咻满,39,1546029,95
154113956,日向源,1999,670486,43
395135643,Milk缪客,232,459615,50
2130393474,King_Vader,0,768312,37
594380494,两颗熟李子,116,98718,5
384068749,CodeSheep,35,653225,110
99157282,盗月社食遇记,609,6839303,484
18202105,绵羊料理,147,9553404,333
19642758,力元君,421,3764603,400
517327498,罗翔说刑法,13,22735550,253
14110780,凉风Kaze,33,8195189,471
241679003,小叮当的伙伴们,140,133882,37
14804670,无穷小亮的科普日常,87,7570897,225
19012394,葹荢,85,47186,36
81824112,导演小策,98,3195594,186
269415357,花花Haya,363,348072,189
483879799,猛男舞团IconX,7,3217350,135
21554171,呆临,340,126781,27
1958342,水无月菌,110,2200483,195
565388139,北京2022年冬奥会,40,683326,1529
310611580,鹤灵Healing,125,573743,148
702250475,奇妙幻想派,5,203031,15
321422126,进击的金厂长,88,3215267,411
394609671,终极小腾,59,1861210,69
8549577,机智的Kason,123,1200854,18
1473247194,Mandell博士,3,1693924,112
533459953,刘庸干净又卫生,3,3898907,280
946974,影视飓风,479,4383287,485
1692217,弯弯姜,149,693909,60
355596637,一鹿有车,149,1222969,348
1385037217,痞仔伯爵,84,494170,75
113362335,宝剑嫂,349,4134112,251
280793434,手工耿,41,6552322,177
40966108,倒悬的橘子,821,2637424,222
11255948,Baka恶魔,402,526169,128
452606628,王师傅和小毛毛,86,1190181,198
2650919,凛-阿格里亚斯,131,217542,59
26139491,假美食po主,358,3623638,442
439004370,yizhilugou,47,1010326,407
300433187,怀特东,45,221613,37
33824345,M木糖M,48,1834350,169
19022637,未名柒柒,55,55823,133
16054375,自动鬼畜中的WZ,304,716167,187
147166910,雨哥到处跑,226,2746099,250
547173382,杨真直,79,1649657,80
7552204,啊吗粽,359,4273532,277
99157282,盗月社食遇记,609,6839302,484
2805967,隔壁公司的傻狗,5,124976,71
275887219,萌不咕,1978,54750,105
1691592860,毒舌大表妹,15,8211,47
32820037,歪果仁研究协会,720,4025824,436
81824112,导演小策,98,3195596,186
1532165,papi酱,45,7112533,249
113362335,宝剑嫂,349,4134109,251
432260419,海伦娜儿,33,150277,8
1900783,同济子豪兄,134,155886,101
2044333698,何胜0423,65,790049,73
383786357,整活专家阿喵,83,15728,34
5970160,小潮院长,99,7653295,267
14110780,凉风Kaze,33,8195187,471
131378392,二十要吃奶希,27,113376,119
46708782,鲁大能,117,2237968,363
411231745,天亮手工,25,351057,37
37754047,咻咻满,39,1546031,95
8096990,啊粥粥啊粥,399,678536,33
17075276,妮可蹦蹦,79,1389656,149
3670216,TF家族,3,4749194,1243
96070394,推背兔の,421,1053737,236
1531707,叔贵,95,2419133,125
299732210,-TS映画-,329,748650,389
11073,hanser,58,3092326,258
476704454,小文哥吃吃吃,99,3212596,464
452606628,王师傅和小毛毛,86,1190181,198
67141499,大漠叔叔,82,5284185,402
533459953,刘庸干净又卫生,3,3898909,280
88895225,张镇辉台球教学,178,935730,244
53456,Warma,1189,3471590,204
99157282,盗月社食遇记,609,6839302,484
69880,结城梨斗_,48,56861,86
159440647,Uki----,374,240279,9
546195,老番茄,1,17268231,415
10897973,小透明阿九,167,863171,138
351190474,米蛙的电娃,99,6555,96
946974,影视飓风,479,4383290,485
353539995,拜托了小翔哥,20,4468519,147
5294454,逗比的雀巢,177,5261281,88
13839125,字幕君GOUBA,115,237012,51
297344797,朵朵花林,85,794508,102
542507083,贝加尔阿楠,29,396644,161
308555356,i鱿鱼Y,26,14443,42
52190805,麟宣森,286,1809769,114
178029850,杜海皇,70,2706640,78
340209062,已逝昨天,20,15180,8
452606628,王师傅和小毛毛,86,1190181,198
3046429,祖娅纳惜,308,2155548,331
8749302,於音,54,141577,72
2130393474,King_Vader,0,768312,37
627888730,星有野,93,3025440,56
113362335,宝剑嫂,349,4134109,251
1468951948,MayTree五月树,0,2109285,96
1523830423,长白山老万,14,484616,92
517184570,画渣不渣-HZ,18,1138080,54
19642758,力元君,421,3764601,400
2304371,水滴酱,64,61120,21
81824112,导演小策,98,3195598,186
299732210,-TS映画-,329,748650,389
250858633,华农兄弟,30,6436164,491
11073,hanser,58,3092324,258
730732,瓶子君152,168,3402317,212
51896064,罗汉解说,260,2590964,130
9512868,胖家军-陈胖胖,308,758264,158
10558098,黑镖客梦回,43,3920829,234
14110780,凉风Kaze,33,8195187,471
361775100,怪力老陈,106,1057840,237
397211154,十五的月亮廿九圆,61,406275,170
49892914,樱木君QAQ,133,11080,14
46708782,鲁大能,117,2237968,363
337521240,记录生活的蛋黄派,135,7183534,593
13354765,徐大虾咯,68,7422842,226
147166910,雨哥到处跑,226,2746099,250
50329118,哔哩哔哩英雄联盟赛事,82,11566506,4019
404216060,幾加乘,486,1257719,51
7788379,兔叭咯,343,6311102,290
527820084,秋不田,22,151450,126
385238031,弹珠汽水aya,99,42248,26
31536760,EDG电子竞技俱乐部,45,1966862,405
280793434,手工耿,41,6552325,177
440544870,尔东和小明,39,458522,88
398107363,叶笛云央,61,73322,70
398567215,天庭魔术,34,107823,111
1259816567,有点艺思哦,13,58340,33
90651513,腾讯电竞,126,21460,140
8096990,啊粥粥啊粥,399,678536,33
347667464,老爸评测,75,3906748,224
352248648,三毛水果艺术,27,432123,1034
2469303,影薄要努力变高,681,13453,36
1573449863,凌晨Linc,173,3771,4
112924325,爱黏人的圆子哔___,120,467631,275
31578954,街健呆木头,181,839538,280
8047632,哔哩哔哩弹幕网,68,3471767,92
16054375,自动鬼畜中的WZ,304,716168,187
4379633,李青仪,7,881391,76
99157282,盗月社食遇记,609,6839302,484
18202105,绵羊料理,147,9553406,333
416128940,在下哲别,154,2629297,159
178778949,英雄联盟,248,2808098,3435
553457394,虫柚POMELO,222,21442,17
540564177,Jason-老湿,98,1412821,189
14110780,凉风Kaze,33,8195186,471
23947287,小约翰可汗,334,4356416,94
5970160,小潮院长,99,7653302,267
456664753,央视新闻,19,9324482,4584
594534726,LPL战术小黑板,118,1042055,411
678073,Melonshu,1463,90541,174
533459953,刘庸干净又卫生,3,3898917,280
2029930,拼音音,92,217572,38
337521240,记录生活的蛋黄派,135,7183539,593
63231,泛式,463,4652640,234
29329085,二喵的饭,159,4574947,215
285499073,东尼ookii,187,4492552,251
11793131,KILLLER绅士,624,530505,220
3957971,贤宝宝Baby,135,5345072,317
67141499,大漠叔叔,82,5284186,402
2390163,蒙娜丽鲨鱼,441,100571,471
279991456,靠谱电竞,120,2143768,268
35894872,老奇好好奇,38,446058,2
170297837,-Lucency-,6,8017,4
381281213,姜云升,60,2213111,33
25876945,极客湾Geekerwan,169,2652025,300
2131431,镇魂曲的夜空,149,231591,121
6371342,循环Cycle,259,48177,35
90142376,锦书致南辞,0,1102746,267
19642758,力元君,421,3764603,400
386869863,培根悖论唠唠嗑,78,1095628,249
22073,无责任的幻想世界,234,4840,34
50329118,哔哩哔哩英雄联盟赛事,82,11566506,4019
57863910,王者荣耀,284,4153612,2075
27374685,麻烦摩摩叩,43,365095,153
18202105,绵羊料理,147,9553409,333
207261582,晓观队长,338,809258,37
60509716,一个爱吃的猪,100,1025232,396
76949949,黑白间设计,72,321183,168
42561463,浑元Rysn,334,2475397,334
90361813,三十六贱笑,1131,4948063,179
378067652,Gandy__,85,470265,157
59905809,哦呼w,256,2072475,147
3670216,TF家族,3,4749201,1243
1577804,某幻君,56,7320757,301
1740827542,KKOMDA,36,474996,27
5294454,逗比的雀巢,177,5261292,88
1317550552,纸飞君,126,684499,533
672328094,嘉然今天吃什么,18,1641333,215
67141499,大漠叔叔,82,5284186,402
249608727,杨可爱Ukulele,422,1153730,157
23947287,小约翰可汗,334,4356416,94
2206456,花少北丶,43,5940320,209
46708782,鲁大能,117,2237967,363
594534726,LPL战术小黑板,118,1042069,411
81824112,导演小策,98,3195597,186
630327749,酸梨大王,241,614003,62
31536760,EDG电子竞技俱乐部,45,1966862,405
28330240,叶无趣,97,1158424,182
10119428,小片片说大片,436,5640408,1152
125526,-LKs-,137,2700564,361
730732,瓶子君152,168,3402319,212
483879799,猛男舞团IconX,7,3217360,135
36438715,一大筐会飞的草莓,212,57133,25
1230677744,百变马丁官方,8,198711,44
389223852,高_桥凉介_,41,263088,16
1420982,黑猫厨房,700,4058703,235
446930460,歪果仁研究所,50,12522,9
17546432,马壮实Hera,70,2282367,293
597669242,phlight,0,50529,55
99157282,盗月社食遇记,609,6839302,484
147166910,雨哥到处跑,226,2746099,250
1385037217,痞仔伯爵,84,494174,75
39813913,Deepain多次婉拒格莱美,31,62758,55
360861964,棕与灰9,35,169603,20
454143774,乡村教师日记,266,1199019,235
946974,影视飓风,479,4383291,485
157272038,喵哉小茶馆,263,124213,52
113362335,宝剑嫂,349,4134110,251
186443421,叁乔居,21,566033,122
81824112,导演小策,98,3195598,186
14110780,凉风Kaze,33,8195181,471
99157282,盗月社食遇记,609,6839302,484
279991456,靠谱电竞,120,2143768,268
13279707,最上川下山,142,1553951,124
3670216,TF家族,3,4749203,1243
337521240,记录生活的蛋黄派,135,7183544,593
32685766,我是球球菌,161,562926,67
116683,=咬人猫=,55,3667447,126
12616115,Yvonne_莲井,165,10014,22
14804670,无穷小亮的科普日常,87,7570910,225
57863910,王者荣耀,284,4153612,2075
437957199,RAY的模型世界,139,847138,42
280793434,手工耿,41,6552325,177
7907806,万老板,76,215009,48
1385037217,痞仔伯爵,84,494174,75
546195,老番茄,1,17268240,415
17819768,电影最TOP,38,4458627,431
419738808,疯狂小杨哥,17,3478282,108
366901417,店长盖伦,164,378775,673
29329085,二喵的饭,159,4574948,215
1257649129,井上正大-官方,12,994190,87
1885078,nya酱的一生,128,2200189,275
2146315558,李野王SG,31,163289,52
163637592,老师好我叫何同学,266,9496545,45
7552204,啊吗粽,359,4273528,277
178738915,鲁戴汀-kkk,226,23970,14
67141499,大漠叔叔,82,5284186,402
407054668,亿点点不一样,30,1827281,10
106202329,靖靖不是立青,313,81332,153
158119101,远古黑金,331,1051604,70
42619059,Uzi,15,2691344,84
1218286288,内幕纠察局,59,876898,16
147166910,雨哥到处跑,226,2746099,250
53456,Warma,1189,3471597,204
587010553,巴甫洛夫的下酒菜,2,265853,145
18202105,绵羊料理,147,9553412,333
11860785,w花酒不是花洒_,1061,24400,54
99157282,盗月社食遇记,609,6839302,484
3670216,TF家族,3,4749204,1243
176037767,我是郭杰瑞,31,7096806,468
23947287,小约翰可汗,334,4356418,94
1435578906,谭晶,1,641973,28
946974,影视飓风,479,4383292,485
26284122,莲羊的岩彩学堂,12,334373,74
452606628,王师傅和小毛毛,86,1190181,198
280793434,手工耿,41,6552323,177
546195,老番茄,1,17268243,415
29329085,二喵的饭,159,4574948,215
2146315558,李野王SG,31,163289,52
53490139,吟游大司人,96,738857,1839
473524263,澳洲阿彭,201,2156593,113
1656463436,Ado_jp,0,245276,2
46708782,鲁大能,117,2237966,363
14110780,凉风Kaze,33,8195178,471
17546432,马壮实Hera,70,2282367,293
352637817,品诺美食开课啦,39,2200986,448
10901294,怪盗配音,151,566458,182
38652577,小菱Lin,529,2157,26
161158015,张艺兴工作室,0,336716,248
328285226,火树银花的花大侠,223,381228,212
395135643,Milk缪客,232,459615,50
591856754,卢正义的雕刻时光,33,2304173,86
20259914,稚晖君,241,1927754,49
241982807,水瓶子Pingzi,142,32082,51
533459953,刘庸干净又卫生,3,3898928,280
3368213,铭湫锅锅,226,194616,121
99157282,盗月社食遇记,609,6839300,484
1577804,某幻君,56,7320757,301
385105236,MAX-小仙女,63,874392,77
1340190821,崩坏星穹铁道,13,1721721,5
261485584,HOPICO,61,694992,75
1862400654,音乐人周传雄,3,454370,14
18202105,绵羊料理,147,9553411,333
546195,老番茄,1,17268244,415
57863910,王者荣耀,284,4153612,2075
11685197,不死な千咲,1198,242288,18
487614876,四川观察,35,387147,4532
30279665,theiaの阿旋酱,60,430356,105
353539995,拜托了小翔哥,20,4468522,147
27565758,-小D-biu,194,864669,140
23947287,小约翰可汗,334,4356418,94
94902220,葵的精神世界,107,595552,77
2000819931,中国国家地理,16,2475632,66
31225950,不是柯桑德,194,1545798,245
279991456,靠谱电竞,120,2143768,268
79577853,智能路障,165,3009389,110
1773346,莴苣某人,171,2071803,82
66391032,帅soserious,75,2613284,134
7788379,兔叭咯,343,6311111,290
7349,STN工作室,111,1958685,1065
347594249,缘来是妖精,32,26896,23
677865752,芜湖大司马,19,1466702,34
419738808,疯狂小杨哥,17,3478281,108
1420982,黑猫厨房,700,4058706,235
511365691,LinkMusicNow,10,340591,45
57863910,王者荣耀,284,4153612,2075
355596637,一鹿有车,149,1222969,348
517327498,罗翔说刑法,13,22735576,253
680447,马里奥红叔,88,1243106,1740
176037767,我是郭杰瑞,31,7096806,468
67141499,大漠叔叔,82,5284186,402
546195,老番茄,1,17268249,415
8549577,机智的Kason,123,1200856,18
375375,伊丽莎白鼠,59,6569171,78
174902557,没啥用科技,27,1748069,29
1577804,某幻君,56,7320755,301
59905809,哦呼w,256,2072484,147
5294454,逗比的雀巢,177,5261313,88
40427625,取景框看世界,307,2177429,50
401742377,原神,56,11553529,198
13354765,徐大虾咯,68,7422844,226
37663924,硬核的半佛仙人,389,6716809,266
5970160,小潮院长,99,7653321,267
520492,掉线狂魔☆火星,138,94528,16
32708543,大家的音乐姬,1415,1286538,698
481153145,进击的铁木君,172,853293,64
3957971,贤宝宝Baby,135,5345074,317
1567446009,滤镜粉碎机,43,817683,38
456664753,央视新闻,19,9324518,4584
337521240,记录生活的蛋黄派,135,7183547,593
2206456,花少北丶,43,5940317,209
14110780,凉风Kaze,33,8195177,471
27534330,崩坏3第一偶像爱酱,15,3556823,355
52190805,麟宣森,286,1809772,114
315846984,歌白说Geslook,67,760068,43
18202105,绵羊料理,147,9553411,333
20259914,稚晖君,241,1927755,49
11423506,边靖婷,504,803462,122
3670216,TF家族,3,4749208,1243
3913194,高斯Goh,225,1526999,47
373103803,树林同学-,403,893529,50
927587,木鱼水心,70,8818428,1182
382484510,詹木丝儿fit,9,529061,62
46708782,鲁大能,117,2237966,363
63231,泛式,463,4652649,234
10559530,小本解说,8,606300,23
285571498,盖里老哥,45,1524069,302
680447,马里奥红叔,88,1243107,1740
1677445,喵☆酱,482,751759,119
178778949,英雄联盟,248,2808100,3435
456664753,央视新闻,19,9324525,4584
444935584,梦幻西游电脑版,8,154685,735
79577853,智能路障,165,3009391,110
298054634,马哥巨离谱,380,462450,136
492303353,王左中右,38,534404,48
419738808,疯狂小杨哥,17,3478281,108
11139681,街头艺人小高,1985,949686,124
660453238,小魏小蛙历险记,130,429727,89
444935584,梦幻西游电脑版,8,154685,735
456664753,央视新闻,19,9324526,4584
326427334,星球研究所,27,650357,73
1833524110,含亮老师,41,578929,19
280793434,手工耿,41,6552328,177
401569378,楼上钱某,208,60206,46
113362335,宝剑嫂,349,4134110,251
2141354599,百利甜加点气,40,34398,51
625665556,小妖凌薇姐,13,130313,643
20165629,共青团中央,113,9581901,3810
5970160,小潮院长,99,7653324,267
444935584,梦幻西游电脑版,8,154685,735
1735615743,东部战区,24,759649,264
1142317983,薛之谦,4,708158,7
594534726,LPL战术小黑板,118,1042134,411
99157282,盗月社食遇记,609,6839302,484
46708782,鲁大能,117,2237966,363
29329085,二喵的饭,159,4574947,215
176037767,我是郭杰瑞,31,7096808,468
927587,木鱼水心,70,8818429,1182
13575288,芜湖小佐助,305,172300,420
125526,-LKs-,137,2700566,361
41030246,少女爱丽丝-,9,195115,47
27756469,奶糕成精档案社,34,1644014,23
65227003,爱睡觉の呆呆兽,178,74320,293
627888730,星有野,93,3025448,56
1895195099,江寻千,13,1266366,132
40966108,倒悬的橘子,821,2637432,222
91790758,伊介书生,25,24127,65
321422126,进击的金厂长,88,3215265,411
2026561407,吃花椒的喵酱,19,5023264,19
19642758,力元君,421,3764600,400
249477407,傲娇典狱长,262,31000,42
123927359,明茂-,405,227824,39
25876945,极客湾Geekerwan,169,2652028,300
1685024055,star星视频,4,114692,31173
125526,-LKs-,137,2700568,361
5294454,逗比的雀巢,177,5261333,88
7275647,碧天蓝钻,21,588772,123
18202105,绵羊料理,147,9553417,333
349122120,本人硬汉静,252,90257,31
407054668,亿点点不一样,30,1827282,10
730732,瓶子君152,168,3402315,212
15400649,king金鑫-音乐制作,20,141205,54
546195,老番茄,1,17268252,415
25910292,钟文泽,0,1933292,660
81824112,导演小策,98,3195598,186
627888730,星有野,93,3025448,56
27534330,崩坏3第一偶像爱酱,15,3556824,355
285499073,东尼ookii,187,4492554,251
99157282,盗月社食遇记,609,6839301,484
1468951948,MayTree五月树,0,2109285,96
393166851,大碗拿铁,126,3050166,102
14110780,凉风Kaze,33,8195175,471
946974,影视飓风,479,4383295,485
496783876,幸运猎手,3,777703,68
1470515198,花好月圆会,0,41,47
562197,中国BOY超级大猩猩,116,8199975,1526
23604445,上海滩许Van强,487,1756527,168
56547276,黑糖音乐秀,753,208611,141
7788379,兔叭咯,343,6311122,290
96213228,吴彦忠,2,185488,31
1769996,火焰三黄鸡ao,396,169424,72
393396916,贾布加布,215,200650,1120
19642758,力元君,421,3764601,400
1491746526,内科主任崔医生,8,12149,143
31012715,是老胡没错,97,1482640,170
6989655,马鹿blyat,119,1338323,49
1218286288,内幕纠察局,59,876899,16
5870268,三代鹿人,133,5824344,163
496688267,北京青年x凉子访谈录,97,1419963,406
1372433,Super也好君,131,1877490,90
290526283,美食作家王刚R,54,6359642,558
287795639,短的发布会,16,1672865,391
4925207,芙芙家的洗碗君,52,1692512,317
85835398,夏波波Brian,61,1723315,259
14110780,凉风Kaze,33,8195173,471
297344797,朵朵花林,85,794508,102
630327749,酸梨大王,241,614008,62
17546432,马壮实Hera,70,2282367,293
99157282,盗月社食遇记,609,6839303,484
18202105,绵羊料理,147,9553417,333
90361813,三十六贱笑,1131,4948064,179
1177893348,匠人集,53,403089,216
1740827542,KKOMDA,36,475015,27
3817100,斩斩桜桜,262,20036,65
113362335,宝剑嫂,349,4134108,251
1155660459,二酱不怕不怕,96,284006,65
7716288,小忍小忍创可贴,270,15820,38
2206456,花少北丶,43,5940316,209
25623387,任性的KIMKILLS,28,1482936,2386
7349,STN工作室,111,1958685,1065
321422126,进击的金厂长,88,3215265,411
85318798,李玉刚,13,1251063,93
373128132,App大能猫,19,40248,15
595379331,B站七万星星,57,17081,35
14897804,宴宁ccccc,369,991734,40
31599940,洛舟止,120,1401649,104
7788379,兔叭咯,343,6311123,290
9411426,阿三解说,117,1912772,131
8549577,机智的Kason,123,1200857,18
375375,伊丽莎白鼠,59,6569176,78
3079413,小x文,267,253089,328
99157282,盗月社食遇记,609,6839304,484
496688267,北京青年x凉子访谈录,97,1419964,406
280793434,手工耿,41,6552329,177
5870268,三代鹿人,133,5824348,163
5294454,逗比的雀巢,177,5261344,88
11255948,Baka恶魔,402,526169,128
407054668,亿点点不一样,30,1827283,10
33824345,M木糖M,48,1834355,169
5970160,小潮院长,99,7653336,267
14804670,无穷小亮的科普日常,87,7570937,225
7552204,啊吗粽,359,4273529,277
2026561407,吃花椒的喵酱,19,5023265,19
454143774,乡村教师日记,266,1199018,235
565388139,北京2022年冬奥会,40,683323,1529
546195,老番茄,1,17268252,415
404224360,黑蓑影卫攻略组,597,171753,630
398877923,哈利波特魔法觉醒,1,1548241,94
3957971,贤宝宝Baby,135,5345074,317
1577804,某幻君,56,7320755,301
279991456,靠谱电竞,120,2143765,268
230983435,心河摆渡,22,599873,82
26321770,和猫住,49,2028690,272
927587,木鱼水心,70,8818424,1182
1646036311,凤凰传奇,46,1694861,57
1885078,nya酱的一生,128,2200187,275
15400649,king金鑫-音乐制作,20,141205,54
67141499,大漠叔叔,82,5284190,402
15326770,动漫推荐i,22,26916,401
35873137,radneSSS,17,2539,5
176037767,我是郭杰瑞,31,7096808,468
23947287,小约翰可汗,334,4356424,94
7788379,兔叭咯,343,6311130,290
1915085558,饮茶哥Elvis,12,862578,62
29382783,爱狂三的星总,441,272847,185
645711700,不普通人类实录,149,1781820,179
431528342,贫穷健身,66,142362,248
99566843,虽华,284,121905,33
11688464,天才小熊猫本人,11,2115902,9
15400649,king金鑫-音乐制作,20,141205,54
15377173,烟季,100,950749,321
90361813,三十六贱笑,1131,4948065,179
7198448,SKYE魏,583,252450,31
81824112,导演小策,98,3195597,186
147166910,雨哥到处跑,226,2746106,250
23947287,小约翰可汗,334,4356426,94
2200736,才疏学浅的才浅,243,4338405,56
401742377,原神,56,11553551,198
5970160,小潮院长,99,7653338,267
18202105,绵羊料理,147,9553422,333
730732,瓶子君152,168,3402313,212
99157282,盗月社食遇记,609,6839304,484
33824345,M木糖M,48,1834355,169
351776210,青柠子甜,20,120706,29
14110780,凉风Kaze,33,8195170,471
5294454,逗比的雀巢,177,5261353,88
546195,老番茄,1,17268258,415
63231,泛式,463,4652659,234
279991456,靠谱电竞,120,2143765,268
335905042,猴哥_Rider,1097,22683,8
411231745,天亮手工,25,351066,37
27043295,上白石萌音,8,194788,133
396806711,Vicky宣宣,185,1857180,119
53456,Warma,1189,3471601,204
636216954,冬穹夏草WinterSky,178,58505,24
1954521410,儿童合唱团OneVoice,4,629968,70
2206456,花少北丶,43,5940314,209
93666996,漫威英雄v,30,69961,201
4957245,GYAnimation,186,106829,23
519253600,火柴人AlanBecker,3,1214686,133
43830802,伍六_七,238,348553,121
5870268,三代鹿人,133,5824350,163
29329085,二喵的饭,159,4574947,215
20165629,共青团中央,113,9581901,3810
8366990,-欣小萌-,691,3604766,251
48421904,贾逸可,19,316014,125
38461325,黑猫重工,71,422145,18
517433879,中国警察网,68,561027,1653
11100920,飞社长,198,2019390,329
113362335,宝剑嫂,349,4134106,251
9596327,卡慕SaMa,135,1467742,1321
14890801,大炒面制造者Cen,98,1197409,900
285499073,东尼ookii,187,4492555,251
2121056874,非常正经的康仔,94,212032,91
433587902,央视频,18,2515930,3609
337521240,记录生活的蛋黄派,135,7183556,593
3590116,JSsss,241,45113,45
17495873,胡仔一人食,62,816715,87
4564056,龙崎棒棒糖,149,523652,173
946974,影视飓风,479,4383303,485
81824112,导演小策,98,3195598,186
19071708,潮汕好男人,213,1742591,179
40489639,球球特别大,225,510578,292
1667342531,配音演员高全胜,9,555271,49
1176836157,湖南卫视夏日少年派,1,70670,136
20052357,某蛋w,95,54141,13
5870268,三代鹿人,133,5824353,163
1207265987,___viv___,524,310079,2
40427625,取景框看世界,307,2177428,50
3957971,贤宝宝Baby,135,5345074,317
7788379,兔叭咯,343,6311135,290
93666996,漫威英雄v,30,69961,201
280793434,手工耿,41,6552329,177
546195,老番茄,1,17268260,415
1160621006,中岛美嘉,0,511984,26
57938157,庄灿杰,7,11189,8
496413617,知春路不迷路,28,188709,28
444935584,梦幻西游电脑版,8,154685,735
353539995,拜托了小翔哥,20,4468518,147
279991456,靠谱电竞,120,2143764,268
617285,芒果冰OL,504,2155038,348
44106549,索尼电影,3,71375,588
4957245,GYAnimation,186,106829,23
285499073,东尼ookii,187,4492555,251
9411426,阿三解说,117,1912773,131
517327498,罗翔说刑法,13,22735606,253
176037767,我是郭杰瑞,31,7096810,468
281149281,AB鲜,366,192002,251
23947287,小约翰可汗,334,4356432,94
642389251,黑神话之悟空,5,2259153,4
8549577,机智的Kason,123,1200858,18
2200736,才疏学浅的才浅,243,4338417,56
81824112,导演小策,98,3195599,186
477676711,田一名sir,6,899949,103
396727464,四宫-研lzc,90,181009,24
1908567413,轩仔贼giao,41,552200,100
515993,枪弹轨迹,160,2756058,235
74073982,piki,145,62565,3
474702359,自来卷三木,67,2586783,120
1524188943,花篱刘小刀,133,103000,63
21387623,一只摩羯菌,247,101726,75
295673540,Bostonjr,157,8756,7
27138390,腔调制造,32,227711,53
546195,老番茄,1,17268264,415
517327498,罗翔说刑法,13,22735608,253
4414782,不开不开我就不开,208,66337,558
6159926,老子150,72,319458,100
5970160,小潮院长,99,7653346,267
249371107,星曜Hoxi,54,113475,57
7552204,啊吗粽,359,4273528,277
31187483,鹏小飞呀,102,148190,113
2206456,花少北丶,43,5940313,209
53456,Warma,1189,3471600,204
34840587,海棠家的大肥鱼,698,528267,94
431073645,你的影月月,81,1189386,563
18202105,绵羊料理,147,9553422,333
5294454,逗比的雀巢,177,5261366,88
470629446,星火少年狼,146,78712,67
130636947,塑料叉FOKU,203,1796741,102
13164144,魔法Zc目录,611,1862594,280
680677803,王小七Fire,9,2050343,92
357229416,打泥泥,39,1973816,73
1291916731,奥运冠军吕小军,2,405636,28
297344797,朵朵花林,85,794510,102
2048502997,Ilikehome定格动画,2,367908,26
279991456,靠谱电竞,120,2143764,268
11498155,安森垚,20,1150994,142
108569350,AG超玩会王者荣耀梦泪,60,2793119,1253
452743855,超限游侠BLimitsMan,29,151861,28
21151219,8KRAW,90,797477,294
174902557,没啥用科技,27,1748068,29
21401670,缸缸在干嘛,204,345563,50
3066511,特效小哥studio,187,2780028,234
30222764,洛温阿特金森,495,847116,33
59905809,哦呼w,256,2072489,147
32837037,康师傅红烧甜不辣,67,66848,85
14804670,无穷小亮的科普日常,87,7570955,225
204865388,胡椒孜然_,667,50784,47
477676711,田一名sir,6,899950,103
16054375,自动鬼畜中的WZ,304,716174,187
513626960,李瑚琳,197,86615,19
25503580,布锅锅,267,1346834,1211
22715248,吃花椒的喵酱暗恋我,535,62,33
511582360,酸辣土土,189,398223,28
8495180,哲哲哲同学,363,182301,53
1958342,水无月菌,110,2200484,195
520155988,所长林超,45,3458002,87
57214324,小芃路子野,41,682380,58
2061838341,WBJ_Anime,5,84163,55
456664753,央视新闻,19,9324574,4584
28642491,楼上的老张,438,2106385,569
18202105,绵羊料理,147,9553425,333
279991456,靠谱电竞,120,2143764,268
517327498,罗翔说刑法,13,22735615,253
431073645,你的影月月,81,1189387,563
9131680,晏策去月光林地了,391,258889,120
401742377,原神,56,11553575,198
546195,老番茄,1,17268266,415
524610140,杨舒予YSY_,16,541039,6
2057835239,wsliser,13,3704,11
483879799,猛男舞团IconX,7,3217399,135
29959830,Topbook,37,710734,577
532741557,戴建业老师,25,2998479,184
14110780,凉风Kaze,33,8195170,471
67141499,大漠叔叔,82,5284190,402
416128940,在下哲别,154,2629299,159
7788379,兔叭咯,343,6311135,290
26344439,DM袋喵,1053,287912,103
1915085558,饮茶哥Elvis,12,862580,62
53456,Warma,1189,3471601,204
29329085,二喵的饭,159,4574947,215
34189415,low君热剧,7,2325508,480
168020283,畅畅201808,468,6757,24
7275647,碧天蓝钻,21,588772,123
474976866,橘里崽崽,190,37054,116
487614876,四川观察,35,387148,4532
2723662,剪刀手轩辕,163,297596,170
316567547,美尼尔动画君,336,546228,54
667986,萧酒画,501,5862,118
2156123,進口罐子,142,8025,99
71596354,金渐层烤猪,374,263795,329
473837611,新华社,62,6198963,2984
5294454,逗比的雀巢,177,5261378,88
403213711,闲鱼混剪,1,86207,154
314849719,若翰_,150,53948,64
5870268,三代鹿人,133,5824364,163
401742377,原神,56,11553578,198
96005382,落尘是逗比,288,381618,184
473837611,新华社,62,6198956,2984
473837611,新华社,62,6198963,2984
14110780,凉风Kaze,33,8195170,471
43887712,爱睡觉的_Koala,393,295817,278
374377,泪腺战士,33,1206700,99
330383888,广东共青团,0,1673317,2271
472807480,中国长安网,158,744683,2243
19642758,力元君,421,3764603,400
24450484,爆裂吧叶子,148,131843,94
33824345,M木糖M,48,1834359,169
13164144,魔法Zc目录,611,1862595,280
67141499,大漠叔叔,82,5284190,402
13221028,迷茫小树叶,181,1052493,116
5970160,小潮院长,99,7653347,267
1577804,某幻君,56,7320753,301
63231,泛式,463,4652663,234
66391032,帅soserious,75,2613299,134
37781521,郭云神奇,573,1343001,256
147166910,雨哥到处跑,226,2746116,250
8569439,酥妃大魔王,204,418635,8
10119428,小片片说大片,436,5640419,1152
508168388,张继科,3,754355,25
696132272,持有美貌,62,5780,109
288574164,早川大寒,29,49675,87
163637592,老师好我叫何同学,266,9496558,45
627888730,星有野,93,3025458,56
16054375,自动鬼畜中的WZ,304,716174,187
227062495,吟游诗人猩猩哥,199,88003,254
456664753,央视新闻,19,9324588,4584
630327749,酸梨大王,241,614011,62
10979362,17sile,2000,294465,325
636571316,正经的知识,39,1245781,392
419738808,疯狂小杨哥,17,3478278,108
5970160,小潮院长,99,7653350,267
397657322,热心网友阿言,324,156263,280
192090,小透明明TM,198,1387117,66
1577804,某幻君,56,7320753,301
335692980,百万剪辑狮,175,1051367,90
1131457022,人民日报,22,4618810,1086
40427625,取景框看世界,307,2177427,50
353539995,拜托了小翔哥,20,4468524,147
346563107,波士顿圆脸,41,2594101,654
14110780,凉风Kaze,33,8195171,471
285499073,东尼ookii,187,4492554,251
43887712,爱睡觉的_Koala,393,295817,278
53251807,樱野呀,122,2537,10
373103803,树林同学-,403,893545,50
10330740,观察者网,45,7511295,13165
3670216,TF家族,3,4749220,1243
99157282,盗月社食遇记,609,6839308,484
1420982,黑猫厨房,700,4058701,235
588278127,田野上的繁荣,18,2361429,516
23947287,小约翰可汗,334,4356434,94
8569439,酥妃大魔王,204,418635,8
1225437487,long同学,134,15136,23
298188646,跃于纸上,955,75944,46
96005382,落尘是逗比,288,381618,184
21778075,_青红造了个白_,8,1118472,26
445423006,小猪要吃好果子,224,44775,90
13354765,徐大虾咯,68,7422845,226
39422678,夜雨星繁y,267,223196,145
37090048,哔哩哔哩创作中心,1694,6178835,155
267939460,某科君,28,561403,37
4188772,晚星夏,74,57591,136
509993026,无牙人,3,15934,30
5970160,小潮院长,99,7653351,267
285499073,东尼ookii,187,4492554,251
18202105,绵羊料理,147,9553427,333
48084221,蜜雪冰城官方站,53,671435,148
430926487,达达达布溜-,247,1587370,201
1257649129,井上正大-官方,12,994200,87
401137062,vams07,171,401950,76
14804670,无穷小亮的科普日常,87,7570971,225
279991456,靠谱电竞,120,2143763,268
125526,-LKs-,137,2700572,361
546195,老番茄,1,17268269,415
397657322,热心网友阿言,324,156263,280
434378423,闫帅奇,581,1761885,173
299451003,练凌飞lkemon,230,150255,20
444935584,梦幻西游电脑版,8,154686,735
99157282,盗月社食遇记,609,6839309,484
370365111,坚韧的马老师,351,206738,64
14110780,凉风Kaze,33,8195172,471
249115678,好运的鱼,61,1197384,73
401742377,原神,56,11553590,198
270885164,飞特那斯,26,330509,395
90361813,三十六贱笑,1131,4948067,179
7349,STN工作室,111,1958686,1065
33621433,小狮子piano,270,616189,103
730732,瓶子君152,168,3402315,212
321422126,进击的金厂长,88,3215261,411
40004506,魔改丶老K,98,430340,63
282994,泠鸢yousa,211,3256830,253
693450094,嗑书的阿冉叔,39,678918,52
483879799,猛男舞团IconX,7,3217975,135
447261734,中科院格致论道讲坛,141,593088,486
96070394,推背兔の,421,1053761,236
432158620,中国联通客服官方,381,654711,220
14804670,无穷小亮的科普日常,87,7572013,225
42991962,老玉竹,207,215268,159
3670216,TF家族,3,4749674,1243
546195,老番茄,1,17268945,415
403748305,BML制作指挥部,79,1209940,337
27534330,崩坏3第一偶像爱酱,15,3557057,355
99157282,盗月社食遇记,609,6839478,484
605544858,矮油王老六,44,1246921,33
107936148,彳文xow,186,142071,40
51896064,罗汉解说,260,2590944,130
730732,瓶子君152,168,3402422,212
37055539,爱鼓捣的阿威,73,20216,7
81824112,导演小策,98,3195680,186
3780924,程序媛樱岛麻衣,186,20926,234
280793434,手工耿,41,6552635,177
207346018,肉肉大搜索,14,2819597,532
14110780,凉风Kaze,33,8194990,471
9824766,敬汉卿,92,9282411,1181
401742377,原神,56,11554887,198
1257649129,井上正大-官方,12,994319,87
13543836,陈里一点橙,104,27534,112
46708782,鲁大能,117,2238074,363
337521240,记录生活的蛋黄派,135,7184437,593
11688464,天才小熊猫本人,11,2116333,9
285499073,东尼ookii,187,4492571,251
513722566,汪品先院士,9,1511184,54
23947287,小约翰可汗,334,4357027,94
517327498,罗翔说刑法,13,22736790,253
438880209,大胡子魏,204,1494057,315
23604445,上海滩许Van强,487,1756534,168
10330740,观察者网,45,7511295,13165
1508510718,四十六游君,29,146286,43
483879799,猛男舞团IconX,7,3217980,135
2920960,大祥哥来了,235,4899475,225
57214324,小芃路子野,41,683058,58
12916241,云飘天,7,1297,1
103416759,马克Sparrow,104,1305569,260
443360311,强锐强,27,7406,9
25876945,极客湾Geekerwan,169,2652281,300
646927879,插画教程-,33,366560,119
10534933,期末77,533,144124,11
192090,小透明明TM,198,1387456,66
18202105,绵羊料理,147,9553728,333
486755530,DV现场,113,236055,1560
390437443,蘸酱jamjam,204,84900,26
7016346,维维诺诺x,376,413245,61
43887712,爱睡觉的_Koala,393,295831,278
3670216,TF家族,3,4749677,1243
337312411,翠花不太脆,173,1368397,46
66391032,帅soserious,75,2613795,134
452606628,王师傅和小毛毛,86,1190194,198
53456,Warma,1190,3471830,204
1950209,水一大魔王,7,1546145,473
63231,泛式,463,4653126,234
888465,暗猫の祝福,463,1434865,242
1155574439,真子日记,16,1116581,177
14110780,凉风Kaze,33,8194990,471
23604445,上海滩许Van强,487,1756534,168
517327498,罗翔说刑法,13,22736797,253
383236574,子彧星塵,149,188628,48
179922650,青莲又失利了,134,1773305,57
11742550,哈米伦的弄笛者,515,1636985,365
29329085,二喵的饭,159,4575098,215
99157282,盗月社食遇记,609,6839479,484
279991456,靠谱电竞,120,2143653,268
430196952,悟空bask,13,200020,76
250858633,华农兄弟,30,6436142,491
2206456,花少北丶,43,5940297,209
306379920,李木瓜,135,315122,34
270105105,赖皮猴爱美食,110,1728105,144
25503580,布锅锅,267,1346868,1212
72270557,芳斯塔芙,69,2557364,153
456664753,央视新闻,19,9326826,4585
473837611,新华社,62,6201246,2984
1131457022,人民日报,22,4621697,1086
456664753,央视新闻,19,9326826,4585
1131457022,人民日报,22,4621697,1086
473837611,新华社,62,6201248,2984
1131457022,人民日报,22,4621697,1086
2026561407,吃花椒的喵酱,19,5023253,19
590881599,赶稿人,5,53781,3
23688784,米酥i,330,33224,4
86236791,尤菲莉亚玛泽塔,90,1227,82
11870568,拉宏桑,248,2971951,293
330383888,广东共青团,0,1673342,2271
546195,老番茄,1,17268958,415
54992199,观视频工作室,103,4085874,2270
7518633,看不见的罗杰,291,585967,196
7022616,爆肝矿蛙,29,236740,808
5970160,小潮院长,99,7654103,267
2200736,才疏学浅的才浅,243,4340611,56
1531707,叔贵,95,2419317,125
401742377,原神,56,11554912,198
46708782,鲁大能,117,2238081,363
26139491,假美食po主,358,3623619,442
21778636,中国日报,138,2142830,7237
14804670,无穷小亮的科普日常,87,7572044,225
12816241,托马斯家的,277,972510,104
66391032,帅soserious,75,2613808,134
8047632,哔哩哔哩弹幕网,68,3471749,92
337521240,记录生活的蛋黄派,135,7184457,593
85226724,澎湃叔叔,192,108690,89
51896064,罗汉解说,260,2590945,130
14110780,凉风Kaze,33,8194983,471
353539995,拜托了小翔哥,20,4468565,147
138780964,新评科技,249,508248,109
3433092,狂阿弥_,100,1768881,153
353312519,阿林吃土,22,1015875,80
9728698,祁么么mo,64,1209608,423
39694771,壞兔1412,227,72031,95
23947287,小约翰可汗,334,4357040,94
532580,刀田一,100,26364,173
14804670,无穷小亮的科普日常,87,7572052,225
24478119,路路迷路路,169,1792568,295
1894563281,夏日毕业歌会,6,14132,89
207413896,四阿哥li,103,405566,124
546195,老番茄,1,17268968,415
1950658,早稻叽,261,758445,280
90361813,三十六贱笑,1131,4948166,179
210291,蚀血之暗,32,606487,166
1646036311,凤凰传奇,46,1694867,57
14110780,凉风Kaze,33,8194981,471
280793434,手工耿,41,6552648,177
52190805,麟宣森,286,1809864,114
5970160,小潮院长,99,7654114,267
330415548,谭乔,43,3744816,353
1894563281,夏日毕业歌会,6,14132,89
456664753,央视新闻,19,9326856,4585
624757844,一只大哈鱼,149,1190434,83
352993700,穿板鞋的橘猫,20,23918,30
401742377,原神,56,11554915,198
1894563281,夏日毕业歌会,6,14132,89
279991456,靠谱电竞,120,2143650,268
216156027,小高姐的魔法调料,11,3183243,263
4423511,硬核豆浆,75,263020,230
13972445,老凡Fv,286,320916,92
653768,赫箩的苹果,96,1149005,1494
99157282,盗月社食遇记,609,6839486,484
3670216,TF家族,3,4749687,1243
477531206,阿特警官,12,2844503,244
730732,瓶子君152,168,3402438,212
11253297,多多poi丶,239,2310770,261
414336759,路温1900,92,2548565,93
548072170,刘宪华Henry,1,648074,25
1420982,黑猫厨房,700,4058695,235
481393564,钉钉DingTalk,391,1214608,152
179922650,青莲又失利了,134,1773304,57
86236791,尤菲莉亚玛泽塔,90,1227,82
154113956,日向源,1999,670513,43
